INSERT INTO Movies (movie_id, title, year) VALUES (737, 'Shadow Quest', 2023);
INSERT INTO Movies (movie_id, title, year) VALUES (928, 'Shadow Walker', 1986);
INSERT INTO Movies (movie_id, title, year) VALUES (721, 'Lost Sky', 2017);
INSERT INTO Movies (movie_id, title, year) VALUES (366, 'Final Night', 1984);
INSERT INTO Movies (movie_id, title, year) VALUES (281, 'Infinite Walker', 1999);
INSERT INTO Movies (movie_id, title, year) VALUES (476, 'Silent Night', 1998);
INSERT INTO Movies (movie_id, title, year) VALUES (939, 'Secret Voyage', 2011);
INSERT INTO Movies (movie_id, title, year) VALUES (43, 'Golden Walker', 1984);
INSERT INTO Movies (movie_id, title, year) VALUES (511, 'Broken City', 1992);
INSERT INTO Movies (movie_id, title, year) VALUES (291, 'Infinite Night', 2020);
INSERT INTO Movies (movie_id, title, year) VALUES (524, 'Silent Promise', 2020);
INSERT INTO Movies (movie_id, title, year) VALUES (572, 'Hidden City', 2018);
INSERT INTO Movies (movie_id, title, year) VALUES (544, 'Lost Walker', 2016);
INSERT INTO Movies (movie_id, title, year) VALUES (938, 'Shadow Night', 2014);
INSERT INTO Movies (movie_id, title, year) VALUES (229, 'Golden City', 2021);
INSERT INTO Movies (movie_id, title, year) VALUES (787, 'Dream Horizon', 2002);
INSERT INTO Movies (movie_id, title, year) VALUES (373, 'Dream Walker', 2001);
INSERT INTO Movies (movie_id, title, year) VALUES (221, 'Dream Echo', 1996);
INSERT INTO Movies (movie_id, title, year) VALUES (779, 'Silent River', 1985);
INSERT INTO Movies (movie_id, title, year) VALUES (465, 'Infinite Time', 2022);
INSERT INTO Movies (movie_id, title, year) VALUES (270, 'Crimson Night', 1989);
INSERT INTO Movies (movie_id, title, year) VALUES (189, 'Infinite Sky', 2004);
INSERT INTO Movies (movie_id, title, year) VALUES (495, 'Golden Quest', 2000);
INSERT INTO Movies (movie_id, title, year) VALUES (395, 'Infinite River', 2016);
INSERT INTO Movies (movie_id, title, year) VALUES (774, 'Secret River', 1993);
INSERT INTO Movies (movie_id, title, year) VALUES (910, 'Golden Walker', 2013);
INSERT INTO Movies (movie_id, title, year) VALUES (196, 'Secret Voyage', 2007);
INSERT INTO Movies (movie_id, title, year) VALUES (348, 'Eternal Quest', 1991);
INSERT INTO Movies (movie_id, title, year) VALUES (378, 'Dream Promise', 2005);
INSERT INTO Movies (movie_id, title, year) VALUES (900, 'Secret Night', 1997);
INSERT INTO Movies (movie_id, title, year) VALUES (839, 'Eternal River', 2010);
INSERT INTO Movies (movie_id, title, year) VALUES (14, 'Crimson Echo', 1999);
INSERT INTO Movies (movie_id, title, year) VALUES (482, 'Golden Memory', 2000);
INSERT INTO Movies (movie_id, title, year) VALUES (431, 'Broken Voyage', 1991);
INSERT INTO Movies (movie_id, title, year) VALUES (500, 'Final Walker', 1997);
INSERT INTO Movies (movie_id, title, year) VALUES (751, 'Secret Sky', 2017);
INSERT INTO Movies (movie_id, title, year) VALUES (464, 'Silent Horizon', 2015);
INSERT INTO Movies (movie_id, title, year) VALUES (523, 'Hidden Light', 2006);
INSERT INTO Movies (movie_id, title, year) VALUES (460, 'Silent Walker', 1991);
INSERT INTO Movies (movie_id, title, year) VALUES (607, 'Eternal City', 2021);
INSERT INTO Movies (movie_id, title, year) VALUES (15, 'Lost Echo', 2007);
INSERT INTO Movies (movie_id, title, year) VALUES (48, 'Eternal Voyage', 2014);
INSERT INTO Movies (movie_id, title, year) VALUES (306, 'Secret Time', 1985);
INSERT INTO Movies (movie_id, title, year) VALUES (836, 'Dream Walker', 1982);
INSERT INTO Movies (movie_id, title, year) VALUES (243, 'Eternal Promise', 1988);
INSERT INTO Movies (movie_id, title, year) VALUES (805, 'Final Night', 1997);
INSERT INTO Movies (movie_id, title, year) VALUES (443, 'Secret Promise', 2002);
INSERT INTO Movies (movie_id, title, year) VALUES (783, 'Golden Light', 2002);
INSERT INTO Movies (movie_id, title, year) VALUES (608, 'Silent City', 1991);
INSERT INTO Movies (movie_id, title, year) VALUES (181, 'Broken Horizon', 2003);
INSERT INTO Movies (movie_id, title, year) VALUES (142, 'Secret City', 2013);
INSERT INTO Movies (movie_id, title, year) VALUES (892, 'Hidden Walker', 1983);
INSERT INTO Movies (movie_id, title, year) VALUES (410, 'Silent Promise', 1980);
INSERT INTO Movies (movie_id, title, year) VALUES (747, 'Broken Memory', 2009);
INSERT INTO Movies (movie_id, title, year) VALUES (576, 'Lost Horizon', 2020);
INSERT INTO Movies (movie_id, title, year) VALUES (241, 'Golden Voyage', 2021);
INSERT INTO Movies (movie_id, title, year) VALUES (232, 'Hidden City', 1983);
INSERT INTO Movies (movie_id, title, year) VALUES (57, 'Crimson Sky', 2004);
INSERT INTO Movies (movie_id, title, year) VALUES (130, 'Broken Night', 1981);
INSERT INTO Movies (movie_id, title, year) VALUES (362, 'Dream Quest', 2000);
INSERT INTO Movies (movie_id, title, year) VALUES (528, 'Infinite Time', 1990);
INSERT INTO Movies (movie_id, title, year) VALUES (207, 'Secret Quest', 1998);
INSERT INTO Movies (movie_id, title, year) VALUES (344, 'Lost Quest', 1986);
INSERT INTO Movies (movie_id, title, year) VALUES (34, 'Infinite Voyage', 1996);
INSERT INTO Movies (movie_id, title, year) VALUES (95, 'Shadow Time', 1996);
INSERT INTO Movies (movie_id, title, year) VALUES (590, 'Final Horizon', 2005);
INSERT INTO Movies (movie_id, title, year) VALUES (994, 'Hidden Light', 2017);
INSERT INTO Movies (movie_id, title, year) VALUES (877, 'Infinite Horizon', 1990);
INSERT INTO Movies (movie_id, title, year) VALUES (741, 'Silent River', 2009);
INSERT INTO Movies (movie_id, title, year) VALUES (486, 'Secret Quest', 2021);
INSERT INTO Movies (movie_id, title, year) VALUES (294, 'Broken Voyage', 1997);
INSERT INTO Movies (movie_id, title, year) VALUES (658, 'Broken Quest', 2001);
INSERT INTO Movies (movie_id, title, year) VALUES (345, 'Shadow City', 1981);
INSERT INTO Movies (movie_id, title, year) VALUES (597, 'Golden Night', 1998);
INSERT INTO Movies (movie_id, title, year) VALUES (556, 'Silent River', 2007);
INSERT INTO Movies (movie_id, title, year) VALUES (668, 'Lost Horizon', 1991);
INSERT INTO Movies (movie_id, title, year) VALUES (419, 'Dream Quest', 1993);
INSERT INTO Movies (movie_id, title, year) VALUES (59, 'Hidden Quest', 1990);
INSERT INTO Movies (movie_id, title, year) VALUES (950, 'Infinite Voyage', 2004);
INSERT INTO Movies (movie_id, title, year) VALUES (637, 'Golden City', 1985);
INSERT INTO Movies (movie_id, title, year) VALUES (652, 'Secret Horizon', 1982);
INSERT INTO Movies (movie_id, title, year) VALUES (764, 'Crimson Quest', 2017);
INSERT INTO Movies (movie_id, title, year) VALUES (935, 'Shadow Walker', 1996);
INSERT INTO Movies (movie_id, title, year) VALUES (612, 'Final Promise', 2001);
INSERT INTO Movies (movie_id, title, year) VALUES (408, 'Final Promise', 1992);
INSERT INTO Movies (movie_id, title, year) VALUES (709, 'Crimson Horizon', 1999);
INSERT INTO Movies (movie_id, title, year) VALUES (249, 'Secret Walker', 1990);
INSERT INTO Movies (movie_id, title, year) VALUES (357, 'Silent Time', 1991);
INSERT INTO Movies (movie_id, title, year) VALUES (193, 'Crimson Quest', 1986);
INSERT INTO Movies (movie_id, title, year) VALUES (257, 'Broken Voyage', 1991);
INSERT INTO Movies (movie_id, title, year) VALUES (445, 'Dream Promise', 2011);
INSERT INTO Movies (movie_id, title, year) VALUES (68, 'Eternal Sky', 2002);
INSERT INTO Movies (movie_id, title, year) VALUES (206, 'Infinite Light', 2000);
INSERT INTO Movies (movie_id, title, year) VALUES (921, 'Infinite Light', 1998);
INSERT INTO Movies (movie_id, title, year) VALUES (152, 'Broken Quest', 2024);
INSERT INTO Movies (movie_id, title, year) VALUES (90, 'Shadow Voyage', 1995);
INSERT INTO Movies (movie_id, title, year) VALUES (364, 'Silent Light', 2014);
INSERT INTO Movies (movie_id, title, year) VALUES (981, 'Hidden River', 1997);
INSERT INTO Movies (movie_id, title, year) VALUES (504, 'Secret Echo', 2002);
INSERT INTO Movies (movie_id, title, year) VALUES (317, 'Secret Memory', 1982);
INSERT INTO Movies (movie_id, title, year) VALUES (773, 'Infinite Voyage', 2006);
INSERT INTO Movies (movie_id, title, year) VALUES (361, 'Dream Horizon', 1997);
INSERT INTO Movies (movie_id, title, year) VALUES (477, 'Lost Sky', 2011);
INSERT INTO Movies (movie_id, title, year) VALUES (212, 'Golden City', 2007);
INSERT INTO Movies (movie_id, title, year) VALUES (673, 'Lost Time', 2012);
INSERT INTO Movies (movie_id, title, year) VALUES (101, 'Broken Walker', 1986);
INSERT INTO Movies (movie_id, title, year) VALUES (341, 'Eternal Echo', 2013);
INSERT INTO Movies (movie_id, title, year) VALUES (913, 'Eternal Quest', 2002);
INSERT INTO Movies (movie_id, title, year) VALUES (197, 'Infinite Promise', 2024);
INSERT INTO Movies (movie_id, title, year) VALUES (151, 'Hidden Light', 1993);
INSERT INTO Movies (movie_id, title, year) VALUES (115, 'Secret Night', 1984);
INSERT INTO Movies (movie_id, title, year) VALUES (894, 'Broken Light', 1991);
INSERT INTO Movies (movie_id, title, year) VALUES (320, 'Silent Time', 1992);
INSERT INTO Movies (movie_id, title, year) VALUES (927, 'Shadow Horizon', 1994);
INSERT INTO Movies (movie_id, title, year) VALUES (870, 'Infinite Promise', 1999);
INSERT INTO Movies (movie_id, title, year) VALUES (804, 'Eternal Horizon', 2008);
INSERT INTO Movies (movie_id, title, year) VALUES (184, 'Golden Quest', 1989);
INSERT INTO Movies (movie_id, title, year) VALUES (649, 'Infinite Promise', 2016);
INSERT INTO Movies (movie_id, title, year) VALUES (772, 'Final Horizon', 2021);
INSERT INTO Movies (movie_id, title, year) VALUES (133, 'Infinite Sky', 1986);
INSERT INTO Movies (movie_id, title, year) VALUES (849, 'Dream Walker', 1982);
INSERT INTO Movies (movie_id, title, year) VALUES (540, 'Dream Horizon', 2004);
INSERT INTO Movies (movie_id, title, year) VALUES (799, 'Secret Horizon', 2010);
INSERT INTO Movies (movie_id, title, year) VALUES (109, 'Hidden Quest', 1992);
INSERT INTO Movies (movie_id, title, year) VALUES (636, 'Final Night', 1988);
INSERT INTO Movies (movie_id, title, year) VALUES (633, 'Silent Walker', 2003);
INSERT INTO Movies (movie_id, title, year) VALUES (97, 'Hidden Promise', 2005);
INSERT INTO Movies (movie_id, title, year) VALUES (113, 'Eternal Horizon', 1990);
INSERT INTO Movies (movie_id, title, year) VALUES (354, 'Shadow Light', 2000);
INSERT INTO Movies (movie_id, title, year) VALUES (426, 'Infinite Echo', 2007);
INSERT INTO Movies (movie_id, title, year) VALUES (899, 'Shadow Light', 1984);
INSERT INTO Movies (movie_id, title, year) VALUES (626, 'Silent Sky', 2000);
INSERT INTO Movies (movie_id, title, year) VALUES (827, 'Silent Quest', 1991);
INSERT INTO Movies (movie_id, title, year) VALUES (862, 'Eternal Promise', 2023);
INSERT INTO Movies (movie_id, title, year) VALUES (293, 'Final City', 2015);
INSERT INTO Movies (movie_id, title, year) VALUES (288, 'Lost Echo', 1981);
INSERT INTO Movies (movie_id, title, year) VALUES (336, 'Shadow Echo', 2018);
INSERT INTO Movies (movie_id, title, year) VALUES (61, 'Final Horizon', 2006);
INSERT INTO Movies (movie_id, title, year) VALUES (489, 'Golden Night', 1983);
INSERT INTO Movies (movie_id, title, year) VALUES (615, 'Silent Sky', 2008);
INSERT INTO Movies (movie_id, title, year) VALUES (330, 'Dream Voyage', 2013);
INSERT INTO Movies (movie_id, title, year) VALUES (624, 'Crimson Quest', 2022);
INSERT INTO Movies (movie_id, title, year) VALUES (635, 'Final Voyage', 2004);
INSERT INTO Movies (movie_id, title, year) VALUES (399, 'Infinite Sky', 1983);
INSERT INTO Movies (movie_id, title, year) VALUES (912, 'Infinite Time', 2012);
INSERT INTO Movies (movie_id, title, year) VALUES (74, 'Secret River', 1985);
INSERT INTO Movies (movie_id, title, year) VALUES (518, 'Final Sky', 1991);
INSERT INTO Movies (movie_id, title, year) VALUES (21, 'Shadow Promise', 2004);
INSERT INTO Movies (movie_id, title, year) VALUES (404, 'Final River', 2012);
INSERT INTO Movies (movie_id, title, year) VALUES (457, 'Broken Horizon', 1993);
INSERT INTO Movies (movie_id, title, year) VALUES (339, 'Broken City', 1998);
INSERT INTO Movies (movie_id, title, year) VALUES (757, 'Broken Night', 1983);
INSERT INTO Movies (movie_id, title, year) VALUES (959, 'Lost Horizon', 2011);
INSERT INTO Movies (movie_id, title, year) VALUES (256, 'Golden Quest', 1990);
INSERT INTO Movies (movie_id, title, year) VALUES (580, 'Broken City', 2005);
INSERT INTO Movies (movie_id, title, year) VALUES (11, 'Shadow City', 2012);
INSERT INTO Movies (movie_id, title, year) VALUES (661, 'Infinite Light', 1993);
INSERT INTO Movies (movie_id, title, year) VALUES (834, 'Hidden Night', 1980);
INSERT INTO Movies (movie_id, title, year) VALUES (75, 'Dream Walker', 2002);
INSERT INTO Movies (movie_id, title, year) VALUES (198, 'Crimson Voyage', 2004);
INSERT INTO Movies (movie_id, title, year) VALUES (705, 'Eternal Quest', 2015);
INSERT INTO Movies (movie_id, title, year) VALUES (749, 'Final Voyage', 1992);
INSERT INTO Movies (movie_id, title, year) VALUES (538, 'Golden Horizon', 2010);
INSERT INTO Movies (movie_id, title, year) VALUES (393, 'Shadow Time', 2016);
INSERT INTO Movies (movie_id, title, year) VALUES (785, 'Infinite Voyage', 1988);
INSERT INTO Movies (movie_id, title, year) VALUES (753, 'Dream River', 1989);
INSERT INTO Movies (movie_id, title, year) VALUES (738, 'Golden Voyage', 1994);
INSERT INTO Movies (movie_id, title, year) VALUES (875, 'Lost Night', 1998);
INSERT INTO Movies (movie_id, title, year) VALUES (409, 'Hidden Walker', 1990);
INSERT INTO Movies (movie_id, title, year) VALUES (1, 'Crimson Sky', 1993);
INSERT INTO Movies (movie_id, title, year) VALUES (602, 'Final Night', 2020);
INSERT INTO Movies (movie_id, title, year) VALUES (18, 'Golden Light', 1994);
INSERT INTO Movies (movie_id, title, year) VALUES (420, 'Secret Light', 2001);
INSERT INTO Movies (movie_id, title, year) VALUES (405, 'Eternal Quest', 2014);
INSERT INTO Movies (movie_id, title, year) VALUES (693, 'Infinite Quest', 2001);
INSERT INTO Movies (movie_id, title, year) VALUES (591, 'Eternal Horizon', 2024);
INSERT INTO Movies (movie_id, title, year) VALUES (175, 'Final Echo', 2022);
INSERT INTO Movies (movie_id, title, year) VALUES (13, 'Final River', 1990);
INSERT INTO Movies (movie_id, title, year) VALUES (714, 'Infinite Time', 2009);
INSERT INTO Movies (movie_id, title, year) VALUES (259, 'Eternal Memory', 2016);
INSERT INTO Movies (movie_id, title, year) VALUES (595, 'Infinite Voyage', 2005);
INSERT INTO Movies (movie_id, title, year) VALUES (585, 'Final Promise', 1980);
INSERT INTO Movies (movie_id, title, year) VALUES (865, 'Broken Memory', 2017);
INSERT INTO Movies (movie_id, title, year) VALUES (8, 'Hidden City', 2011);
INSERT INTO Movies (movie_id, title, year) VALUES (816, 'Dream Light', 1982);
INSERT INTO Movies (movie_id, title, year) VALUES (794, 'Eternal Time', 1985);
INSERT INTO Movies (movie_id, title, year) VALUES (469, 'Crimson Time', 1997);
INSERT INTO Movies (movie_id, title, year) VALUES (746, 'Golden Time', 1983);
INSERT INTO Movies (movie_id, title, year) VALUES (825, 'Hidden Memory', 1982);
INSERT INTO Movies (movie_id, title, year) VALUES (263, 'Broken Time', 2004);
INSERT INTO Movies (movie_id, title, year) VALUES (702, 'Secret Time', 2017);
INSERT INTO Movies (movie_id, title, year) VALUES (496, 'Eternal Voyage', 1996);
INSERT INTO Movies (movie_id, title, year) VALUES (321, 'Dream River', 2016);
INSERT INTO Movies (movie_id, title, year) VALUES (713, 'Dream Quest', 2015);
INSERT INTO Movies (movie_id, title, year) VALUES (138, 'Infinite Voyage', 2014);
INSERT INTO Movies (movie_id, title, year) VALUES (522, 'Crimson Voyage', 1991);
INSERT INTO Movies (movie_id, title, year) VALUES (587, 'Secret Voyage', 2024);
INSERT INTO Movies (movie_id, title, year) VALUES (718, 'Secret Time', 1999);
INSERT INTO Movies (movie_id, title, year) VALUES (574, 'Secret River', 2012);
INSERT INTO Movies (movie_id, title, year) VALUES (368, 'Lost Echo', 2000);
INSERT INTO Movies (movie_id, title, year) VALUES (162, 'Shadow Echo', 2015);
INSERT INTO Movies (movie_id, title, year) VALUES (891, 'Eternal Light', 2009);
INSERT INTO Movies (movie_id, title, year) VALUES (840, 'Infinite City', 1984);
INSERT INTO Movies (movie_id, title, year) VALUES (617, 'Golden Walker', 2014);
INSERT INTO Movies (movie_id, title, year) VALUES (683, 'Shadow River', 2010);
INSERT INTO Movies (movie_id, title, year) VALUES (304, 'Crimson Walker', 2017);
INSERT INTO Movies (movie_id, title, year) VALUES (442, 'Secret Quest', 1992);
INSERT INTO Movies (movie_id, title, year) VALUES (752, 'Dream Sky', 1991);
INSERT INTO Movies (movie_id, title, year) VALUES (52, 'Broken Horizon', 2011);
INSERT INTO Movies (movie_id, title, year) VALUES (659, 'Secret City', 1987);
INSERT INTO Movies (movie_id, title, year) VALUES (190, 'Final Voyage', 2001);
INSERT INTO Movies (movie_id, title, year) VALUES (325, 'Secret Time', 2008);
INSERT INTO Movies (movie_id, title, year) VALUES (639, 'Silent Horizon', 2006);
INSERT INTO Movies (movie_id, title, year) VALUES (66, 'Golden Quest', 2018);
INSERT INTO Movies (movie_id, title, year) VALUES (227, 'Dream River', 2000);
INSERT INTO Movies (movie_id, title, year) VALUES (435, 'Infinite Voyage', 1995);
INSERT INTO Movies (movie_id, title, year) VALUES (726, 'Infinite Time', 2024);
INSERT INTO Movies (movie_id, title, year) VALUES (641, 'Hidden Echo', 2024);
INSERT INTO Movies (movie_id, title, year) VALUES (1000, 'Lost Echo', 2005);
INSERT INTO Movies (movie_id, title, year) VALUES (141, 'Lost City', 1984);
INSERT INTO Movies (movie_id, title, year) VALUES (475, 'Hidden Memory', 1983);
INSERT INTO Movies (movie_id, title, year) VALUES (742, 'Dream Walker', 2018);
INSERT INTO Movies (movie_id, title, year) VALUES (969, 'Lost Light', 1982);
INSERT INTO Movies (movie_id, title, year) VALUES (93, 'Broken Time', 1988);
INSERT INTO Movies (movie_id, title, year) VALUES (316, 'Hidden Night', 2000);
INSERT INTO Movies (movie_id, title, year) VALUES (219, 'Broken Quest', 2011);
INSERT INTO Movies (movie_id, title, year) VALUES (39, 'Secret Voyage', 1989);
INSERT INTO Movies (movie_id, title, year) VALUES (985, 'Broken Sky', 2018);
INSERT INTO Movies (movie_id, title, year) VALUES (439, 'Final Walker', 2022);
INSERT INTO Movies (movie_id, title, year) VALUES (411, 'Silent Horizon', 1980);
INSERT INTO Movies (movie_id, title, year) VALUES (941, 'Dream Promise', 2008);
INSERT INTO Movies (movie_id, title, year) VALUES (690, 'Silent City', 2001);
INSERT INTO Movies (movie_id, title, year) VALUES (837, 'Dream Walker', 1983);
INSERT INTO Movies (movie_id, title, year) VALUES (566, 'Silent Light', 2000);
INSERT INTO Movies (movie_id, title, year) VALUES (564, 'Silent River', 1999);
INSERT INTO Movies (movie_id, title, year) VALUES (989, 'Silent Memory', 2019);
INSERT INTO Movies (movie_id, title, year) VALUES (183, 'Infinite Voyage', 1988);
INSERT INTO Movies (movie_id, title, year) VALUES (972, 'Final Echo', 1997);
INSERT INTO Movies (movie_id, title, year) VALUES (398, 'Shadow Memory', 1985);
INSERT INTO Movies (movie_id, title, year) VALUES (501, 'Secret Light', 2011);
INSERT INTO Movies (movie_id, title, year) VALUES (449, 'Final Promise', 2016);
INSERT INTO Movies (movie_id, title, year) VALUES (975, 'Crimson Time', 2006);
INSERT INTO Movies (movie_id, title, year) VALUES (245, 'Hidden Walker', 2022);
INSERT INTO Movies (movie_id, title, year) VALUES (579, 'Golden Night', 1998);
INSERT INTO Movies (movie_id, title, year) VALUES (806, 'Secret Echo', 2005);
INSERT INTO Movies (movie_id, title, year) VALUES (740, 'Secret Echo', 1999);
INSERT INTO Movies (movie_id, title, year) VALUES (798, 'Final Promise', 1992);
INSERT INTO Movies (movie_id, title, year) VALUES (598, 'Secret River', 2015);
INSERT INTO Movies (movie_id, title, year) VALUES (382, 'Hidden Sky', 1998);
INSERT INTO Movies (movie_id, title, year) VALUES (154, 'Final Voyage', 2009);


INSERT INTO Directors (director_id, name) VALUES (1, 'Anna Khan');
INSERT INTO Directors (director_id, name) VALUES (2, 'Thomas Anderson');
INSERT INTO Directors (director_id, name) VALUES (3, 'Sophia Schmidt');
INSERT INTO Directors (director_id, name) VALUES (4, 'N. Schmidt');
INSERT INTO Directors (director_id, name) VALUES (5, 'Alice Hanks');
INSERT INTO Directors (director_id, name) VALUES (6, 'Lucas Müller');
INSERT INTO Directors (director_id, name) VALUES (7, 'Emma Johnson');
INSERT INTO Directors (director_id, name) VALUES (8, 'Ava Khan');
INSERT INTO Directors (director_id, name) VALUES (9, 'Oliver Taylor');
INSERT INTO Directors (director_id, name) VALUES (10, 'Liam Anderson');
INSERT INTO Directors (director_id, name) VALUES (11, 'A. Garcia');
INSERT INTO Directors (director_id, name) VALUES (12, 'Alice Khan');
INSERT INTO Directors (director_id, name) VALUES (13, 'Sophia Brown');
INSERT INTO Directors (director_id, name) VALUES (14, 'John Wilson');
INSERT INTO Directors (director_id, name) VALUES (15, 'O. Khan');
INSERT INTO Directors (director_id, name) VALUES (16, 'A. Müller');
INSERT INTO Directors (director_id, name) VALUES (17, 'Alice Khan');
INSERT INTO Directors (director_id, name) VALUES (18, 'Tom Martinez');
INSERT INTO Directors (director_id, name) VALUES (19, 'Lucas Lee');
INSERT INTO Directors (director_id, name) VALUES (20, 'John Schmidt');
INSERT INTO Directors (director_id, name) VALUES (21, 'Max Müller');
INSERT INTO Directors (director_id, name) VALUES (22, 'Lucas Garcia');
INSERT INTO Directors (director_id, name) VALUES (23, 'A. Brown');
INSERT INTO Directors (director_id, name) VALUES (24, 'Lena Martinez');
INSERT INTO Directors (director_id, name) VALUES (25, 'A. Brown');
INSERT INTO Directors (director_id, name) VALUES (26, 'M. Khan');
INSERT INTO Directors (director_id, name) VALUES (27, 'Lena Taylor');
INSERT INTO Directors (director_id, name) VALUES (28, 'Max Hanks');
INSERT INTO Directors (director_id, name) VALUES (29, 'Lena Schmidt');
INSERT INTO Directors (director_id, name) VALUES (30, 'Tom Smith');
INSERT INTO Directors (director_id, name) VALUES (31, 'Lucas Anderson');
INSERT INTO Directors (director_id, name) VALUES (32, 'S. Martinez');
INSERT INTO Directors (director_id, name) VALUES (33, 'Sophia Hanks');
INSERT INTO Directors (director_id, name) VALUES (34, 'Oliver Brown');
INSERT INTO Directors (director_id, name) VALUES (35, 'Oliver Schmidt');
INSERT INTO Directors (director_id, name) VALUES (36, 'Sophia Martinez');
INSERT INTO Directors (director_id, name) VALUES (37, 'Noah Monroe');
INSERT INTO Directors (director_id, name) VALUES (38, 'Max Smith');
INSERT INTO Directors (director_id, name) VALUES (39, 'Max Garcia');
INSERT INTO Directors (director_id, name) VALUES (40, 'Sophia Garcia');



INSERT INTO Actors (actor_id, name) VALUES (1, 'Emma Müller');
INSERT INTO Actors (actor_id, name) VALUES (2, 'Oliver Wilson');
INSERT INTO Actors (actor_id, name) VALUES (3, 'Lena Wilson');
INSERT INTO Actors (actor_id, name) VALUES (4, 'Anna Wilson');
INSERT INTO Actors (actor_id, name) VALUES (5, 'Lena Johnson');
INSERT INTO Actors (actor_id, name) VALUES (6, 'Lena Lee');
INSERT INTO Actors (actor_id, name) VALUES (7, 'Sophia Wilson');
INSERT INTO Actors (actor_id, name) VALUES (8, 'John Hanks');
INSERT INTO Actors (actor_id, name) VALUES (9, 'John Smith');
INSERT INTO Actors (actor_id, name) VALUES (10, 'N. Taylor');
INSERT INTO Actors (actor_id, name) VALUES (11, 'Anna Johnson');
INSERT INTO Actors (actor_id, name) VALUES (12, 'Max Martinez');
INSERT INTO Actors (actor_id, name) VALUES (13, 'Lena Khan');
INSERT INTO Actors (actor_id, name) VALUES (14, 'T. Brown');
INSERT INTO Actors (actor_id, name) VALUES (15, 'Lena Müller');
INSERT INTO Actors (actor_id, name) VALUES (16, 'T. Garcia');
INSERT INTO Actors (actor_id, name) VALUES (17, 'Emma Monroe');
INSERT INTO Actors (actor_id, name) VALUES (18, 'John Johnson');
INSERT INTO Actors (actor_id, name) VALUES (19, 'Thomas Brown');
INSERT INTO Actors (actor_id, name) VALUES (20, 'J. Garcia');
INSERT INTO Actors (actor_id, name) VALUES (21, 'M. Wilson');
INSERT INTO Actors (actor_id, name) VALUES (22, 'Oliver Anderson');
INSERT INTO Actors (actor_id, name) VALUES (23, 'Emma Anderson');
INSERT INTO Actors (actor_id, name) VALUES (24, 'John Brown');
INSERT INTO Actors (actor_id, name) VALUES (25, 'Max Lee');
INSERT INTO Actors (actor_id, name) VALUES (26, 'Oliver Lee');
INSERT INTO Actors (actor_id, name) VALUES (27, 'Emma Hanks');
INSERT INTO Actors (actor_id, name) VALUES (28, 'Ava Martinez');
INSERT INTO Actors (actor_id, name) VALUES (29, 'Alice Johnson');
INSERT INTO Actors (actor_id, name) VALUES (30, 'Lucas Garcia');
INSERT INTO Actors (actor_id, name) VALUES (31, 'Liam Müller');
INSERT INTO Actors (actor_id, name) VALUES (32, 'Liam Johnson');
INSERT INTO Actors (actor_id, name) VALUES (33, 'Sophia Khan');
INSERT INTO Actors (actor_id, name) VALUES (34, 'Lucas Schmidt');
INSERT INTO Actors (actor_id, name) VALUES (35, 'Oliver Smith');
INSERT INTO Actors (actor_id, name) VALUES (36, 'John Brown');
INSERT INTO Actors (actor_id, name) VALUES (37, 'Alice Wilson');
INSERT INTO Actors (actor_id, name) VALUES (38, 'S. Monroe');
INSERT INTO Actors (actor_id, name) VALUES (39, 'John Schmidt');
INSERT INTO Actors (actor_id, name) VALUES (40, 'Emma Anderson');
INSERT INTO Actors (actor_id, name) VALUES (41, 'Mia Johnson');
INSERT INTO Actors (actor_id, name) VALUES (42, 'O. Khan');
INSERT INTO Actors (actor_id, name) VALUES (43, 'Alice Khan');
INSERT INTO Actors (actor_id, name) VALUES (44, 'Ava Martinez');
INSERT INTO Actors (actor_id, name) VALUES (45, 'A. Anderson');
INSERT INTO Actors (actor_id, name) VALUES (46, 'Lucas Lee');
INSERT INTO Actors (actor_id, name) VALUES (47, 'Thomas Martinez');
INSERT INTO Actors (actor_id, name) VALUES (48, 'Oliver Lee');
INSERT INTO Actors (actor_id, name) VALUES (49, 'Liam Wilson');
INSERT INTO Actors (actor_id, name) VALUES (50, 'Lucas Garcia');
INSERT INTO Actors (actor_id, name) VALUES (51, 'L. Müller');
INSERT INTO Actors (actor_id, name) VALUES (52, 'T. Monroe');
INSERT INTO Actors (actor_id, name) VALUES (53, 'Noah Garcia');
INSERT INTO Actors (actor_id, name) VALUES (54, 'Thomas Hanks');
INSERT INTO Actors (actor_id, name) VALUES (55, 'Liam Brown');
INSERT INTO Actors (actor_id, name) VALUES (56, 'John Schmidt');
INSERT INTO Actors (actor_id, name) VALUES (57, 'Thomas Hanks');
INSERT INTO Actors (actor_id, name) VALUES (58, 'Noah Brown');
INSERT INTO Actors (actor_id, name) VALUES (59, 'Noah Wilson');
INSERT INTO Actors (actor_id, name) VALUES (60, 'Tom Anderson');
INSERT INTO Actors (actor_id, name) VALUES (61, 'Lucas Lee');
INSERT INTO Actors (actor_id, name) VALUES (62, 'Lena Khan');
INSERT INTO Actors (actor_id, name) VALUES (63, 'Ava Monroe');
INSERT INTO Actors (actor_id, name) VALUES (64, 'Emma Johnson');
INSERT INTO Actors (actor_id, name) VALUES (65, 'Lucas Monroe');
INSERT INTO Actors (actor_id, name) VALUES (66, 'Emma Taylor');
INSERT INTO Actors (actor_id, name) VALUES (67, 'Ava Lee');
INSERT INTO Actors (actor_id, name) VALUES (68, 'Ava Anderson');
INSERT INTO Actors (actor_id, name) VALUES (69, 'Emma Lee');
INSERT INTO Actors (actor_id, name) VALUES (70, 'Liam Johnson');
INSERT INTO Actors (actor_id, name) VALUES (71, 'Liam Hanks');
INSERT INTO Actors (actor_id, name) VALUES (72, 'Max Lee');
INSERT INTO Actors (actor_id, name) VALUES (73, 'Lucas Monroe');
INSERT INTO Actors (actor_id, name) VALUES (74, 'L. Khan');
INSERT INTO Actors (actor_id, name) VALUES (75, 'Oliver Martinez');
INSERT INTO Actors (actor_id, name) VALUES (76, 'Ava Wilson');
INSERT INTO Actors (actor_id, name) VALUES (77, 'Lena Wilson');
INSERT INTO Actors (actor_id, name) VALUES (78, 'Anna Wilson');
INSERT INTO Actors (actor_id, name) VALUES (79, 'Max Müller');
INSERT INTO Actors (actor_id, name) VALUES (80, 'Oliver Smith');
INSERT INTO Actors (actor_id, name) VALUES (81, 'T. Lee');
INSERT INTO Actors (actor_id, name) VALUES (82, 'Max Wilson');
INSERT INTO Actors (actor_id, name) VALUES (83, 'Mia Schmidt');
INSERT INTO Actors (actor_id, name) VALUES (84, 'Alice Müller');
INSERT INTO Actors (actor_id, name) VALUES (85, 'Anna Monroe');
INSERT INTO Actors (actor_id, name) VALUES (86, 'Oliver Khan');
INSERT INTO Actors (actor_id, name) VALUES (87, 'Alice Wilson');
INSERT INTO Actors (actor_id, name) VALUES (88, 'Lena Taylor');
INSERT INTO Actors (actor_id, name) VALUES (89, 'Mia Schmidt');
INSERT INTO Actors (actor_id, name) VALUES (90, 'M. Hanks');
INSERT INTO Actors (actor_id, name) VALUES (91, 'Ava Hanks');
INSERT INTO Actors (actor_id, name) VALUES (92, 'Anna Monroe');
INSERT INTO Actors (actor_id, name) VALUES (93, 'Ava Brown');
INSERT INTO Actors (actor_id, name) VALUES (94, 'Tom Taylor');
INSERT INTO Actors (actor_id, name) VALUES (95, 'Thomas Khan');
INSERT INTO Actors (actor_id, name) VALUES (96, 'Max Brown');
INSERT INTO Actors (actor_id, name) VALUES (97, 'Max Anderson');
INSERT INTO Actors (actor_id, name) VALUES (98, 'Mia Anderson');
INSERT INTO Actors (actor_id, name) VALUES (99, 'Thomas Taylor');
INSERT INTO Actors (actor_id, name) VALUES (100, 'Noah Monroe');
INSERT INTO Actors (actor_id, name) VALUES (101, 'Max Taylor');
INSERT INTO Actors (actor_id, name) VALUES (102, 'L. Smith');
INSERT INTO Actors (actor_id, name) VALUES (103, 'Noah Brown');
INSERT INTO Actors (actor_id, name) VALUES (104, 'Lena Smith');
INSERT INTO Actors (actor_id, name) VALUES (105, 'L. Wilson');
INSERT INTO Actors (actor_id, name) VALUES (106, 'S. Johnson');
INSERT INTO Actors (actor_id, name) VALUES (107, 'Noah Martinez');
INSERT INTO Actors (actor_id, name) VALUES (108, 'Lena Hanks');
INSERT INTO Actors (actor_id, name) VALUES (109, 'A. Martinez');
INSERT INTO Actors (actor_id, name) VALUES (110, 'Alice Schmidt');
INSERT INTO Actors (actor_id, name) VALUES (111, 'Oliver Müller');
INSERT INTO Actors (actor_id, name) VALUES (112, 'Mia Monroe');
INSERT INTO Actors (actor_id, name) VALUES (113, 'Thomas Schmidt');
INSERT INTO Actors (actor_id, name) VALUES (114, 'Lena Smith');
INSERT INTO Actors (actor_id, name) VALUES (115, 'Ava Garcia');
INSERT INTO Actors (actor_id, name) VALUES (116, 'Sophia Garcia');
INSERT INTO Actors (actor_id, name) VALUES (117, 'Emma Taylor');
INSERT INTO Actors (actor_id, name) VALUES (118, 'Thomas Smith');
INSERT INTO Actors (actor_id, name) VALUES (119, 'Oliver Monroe');
INSERT INTO Actors (actor_id, name) VALUES (120, 'Max Smith');
INSERT INTO Actors (actor_id, name) VALUES (121, 'Max Hanks');
INSERT INTO Actors (actor_id, name) VALUES (122, 'Alice Taylor');
INSERT INTO Actors (actor_id, name) VALUES (123, 'Liam Martinez');
INSERT INTO Actors (actor_id, name) VALUES (124, 'Lena Monroe');
INSERT INTO Actors (actor_id, name) VALUES (125, 'S. Müller');
INSERT INTO Actors (actor_id, name) VALUES (126, 'S. Schmidt');
INSERT INTO Actors (actor_id, name) VALUES (127, 'J. Lee');
INSERT INTO Actors (actor_id, name) VALUES (128, 'Sophia Hanks');
INSERT INTO Actors (actor_id, name) VALUES (129, 'Oliver Smith');
INSERT INTO Actors (actor_id, name) VALUES (130, 'Anna Brown');
INSERT INTO Actors (actor_id, name) VALUES (131, 'Thomas Müller');
INSERT INTO Actors (actor_id, name) VALUES (132, 'Lucas Anderson');
INSERT INTO Actors (actor_id, name) VALUES (133, 'Oliver Müller');
INSERT INTO Actors (actor_id, name) VALUES (134, 'Thomas Lee');
INSERT INTO Actors (actor_id, name) VALUES (135, 'Emma Hanks');
INSERT INTO Actors (actor_id, name) VALUES (136, 'Emma Anderson');
INSERT INTO Actors (actor_id, name) VALUES (137, 'Oliver Müller');
INSERT INTO Actors (actor_id, name) VALUES (138, 'Thomas Johnson');
INSERT INTO Actors (actor_id, name) VALUES (139, 'Noah Müller');
INSERT INTO Actors (actor_id, name) VALUES (140, 'Sophia Brown');
INSERT INTO Actors (actor_id, name) VALUES (141, 'Emma Taylor');
INSERT INTO Actors (actor_id, name) VALUES (142, 'J. Anderson');
INSERT INTO Actors (actor_id, name) VALUES (143, 'Liam Martinez');
INSERT INTO Actors (actor_id, name) VALUES (144, 'Anna Wilson');
INSERT INTO Actors (actor_id, name) VALUES (145, 'John Taylor');
INSERT INTO Actors (actor_id, name) VALUES (146, 'Mia Brown');
INSERT INTO Actors (actor_id, name) VALUES (147, 'S. Brown');
INSERT INTO Actors (actor_id, name) VALUES (148, 'Alice Monroe');
INSERT INTO Actors (actor_id, name) VALUES (149, 'Thomas Hanks');
INSERT INTO Actors (actor_id, name) VALUES (150, 'Oliver Hanks');
INSERT INTO Actors (actor_id, name) VALUES (151, 'Mia Anderson');
INSERT INTO Actors (actor_id, name) VALUES (152, 'Oliver Müller');
INSERT INTO Actors (actor_id, name) VALUES (153, 'Ava Hanks');
INSERT INTO Actors (actor_id, name) VALUES (154, 'Lena Schmidt');
INSERT INTO Actors (actor_id, name) VALUES (155, 'Liam Monroe');
INSERT INTO Actors (actor_id, name) VALUES (156, 'Lena Taylor');
INSERT INTO Actors (actor_id, name) VALUES (157, 'N. Wilson');
INSERT INTO Actors (actor_id, name) VALUES (158, 'Max Lee');
INSERT INTO Actors (actor_id, name) VALUES (159, 'Alice Wilson');
INSERT INTO Actors (actor_id, name) VALUES (160, 'Liam Anderson');
INSERT INTO Actors (actor_id, name) VALUES (161, 'Emma Wilson');
INSERT INTO Actors (actor_id, name) VALUES (162, 'Oliver Hanks');
INSERT INTO Actors (actor_id, name) VALUES (163, 'Mia Wilson');
INSERT INTO Actors (actor_id, name) VALUES (164, 'Max Müller');
INSERT INTO Actors (actor_id, name) VALUES (165, 'Max Johnson');
INSERT INTO Actors (actor_id, name) VALUES (166, 'Tom Martinez');
INSERT INTO Actors (actor_id, name) VALUES (167, 'Sophia Schmidt');
INSERT INTO Actors (actor_id, name) VALUES (168, 'Max Anderson');
INSERT INTO Actors (actor_id, name) VALUES (169, 'Lucas Lee');
INSERT INTO Actors (actor_id, name) VALUES (170, 'Anna Schmidt');
INSERT INTO Actors (actor_id, name) VALUES (171, 'Noah Schmidt');
INSERT INTO Actors (actor_id, name) VALUES (172, 'Lena Wilson');
INSERT INTO Actors (actor_id, name) VALUES (173, 'Mia Martinez');
INSERT INTO Actors (actor_id, name) VALUES (174, 'Anna Müller');
INSERT INTO Actors (actor_id, name) VALUES (175, 'E. Anderson');
INSERT INTO Actors (actor_id, name) VALUES (176, 'Noah Schmidt');
INSERT INTO Actors (actor_id, name) VALUES (177, 'Alice Wilson');
INSERT INTO Actors (actor_id, name) VALUES (178, 'Emma Hanks');
INSERT INTO Actors (actor_id, name) VALUES (179, 'Tom Lee');
INSERT INTO Actors (actor_id, name) VALUES (180, 'Anna Johnson');
INSERT INTO Actors (actor_id, name) VALUES (181, 'Oliver Smith');
INSERT INTO Actors (actor_id, name) VALUES (182, 'T. Lee');
INSERT INTO Actors (actor_id, name) VALUES (183, 'Emma Khan');
INSERT INTO Actors (actor_id, name) VALUES (184, 'Oliver Müller');
INSERT INTO Actors (actor_id, name) VALUES (185, 'Thomas Monroe');
INSERT INTO Actors (actor_id, name) VALUES (186, 'Lena Johnson');
INSERT INTO Actors (actor_id, name) VALUES (187, 'Tom Hanks');
INSERT INTO Actors (actor_id, name) VALUES (188, 'A. Hanks');
INSERT INTO Actors (actor_id, name) VALUES (189, 'Oliver Martinez');
INSERT INTO Actors (actor_id, name) VALUES (190, 'Lucas Wilson');
INSERT INTO Actors (actor_id, name) VALUES (191, 'Oliver Brown');
INSERT INTO Actors (actor_id, name) VALUES (192, 'Anna Wilson');
INSERT INTO Actors (actor_id, name) VALUES (193, 'Lucas Khan');
INSERT INTO Actors (actor_id, name) VALUES (194, 'Lena Monroe');
INSERT INTO Actors (actor_id, name) VALUES (195, 'L. Johnson');
INSERT INTO Actors (actor_id, name) VALUES (196, 'Anna Khan');
INSERT INTO Actors (actor_id, name) VALUES (197, 'Alice Lee');
INSERT INTO Actors (actor_id, name) VALUES (198, 'John Wilson');
INSERT INTO Actors (actor_id, name) VALUES (199, 'Ava Monroe');
INSERT INTO Actors (actor_id, name) VALUES (200, 'A. Smith');



INSERT INTO MovieActors (movie_id, actor_id, role) VALUES (945, 30, 'Sidekick');
INSERT INTO MovieActors (movie_id, actor_id, role) VALUES (265, 7, 'Narrator');
INSERT INTO MovieActors (movie_id, actor_id, role) VALUES (205, 176, 'Villain');
INSERT INTO MovieActors (movie_id, actor_id, role) VALUES (725, 68, 'Lead');
INSERT INTO MovieActors (movie_id, actor_id, role) VALUES (759, 155, 'Villain');
INSERT INTO MovieActors (movie_id, actor_id, role) VALUES (820, 88, 'Villain');
INSERT INTO MovieActors (movie_id, actor_id, role) VALUES (72, 58, 'Protagonist');
INSERT INTO MovieActors (movie_id, actor_id, role) VALUES (601, 191, 'Lead');
INSERT INTO MovieActors (movie_id, actor_id, role) VALUES (52, 106, 'Detective');
INSERT INTO MovieActors (movie_id, actor_id, role) VALUES (590, 110, 'Villain');
INSERT INTO MovieActors (movie_id, actor_id, role) VALUES (231, 8, 'Protagonist');
INSERT INTO MovieActors (movie_id, actor_id, role) VALUES (832, 137, 'Narrator');
INSERT INTO MovieActors (movie_id, actor_id, role) VALUES (25, 196, 'Narrator');
INSERT INTO MovieActors (movie_id, actor_id, role) VALUES (329, 120, 'Villain');
INSERT INTO MovieActors (movie_id, actor_id, role) VALUES (688, 6, 'Protagonist');
INSERT INTO MovieActors (movie_id, actor_id, role) VALUES (739, 196, 'Villain');
INSERT INTO MovieActors (movie_id, actor_id, role) VALUES (48, 177, 'Lead');
INSERT INTO MovieActors (movie_id, actor_id, role) VALUES (985, 173, 'Villain');
INSERT INTO MovieActors (movie_id, actor_id, role) VALUES (926, 34, 'Mentor');
INSERT INTO MovieActors (movie_id, actor_id, role) VALUES (954, 73, 'Narrator');
INSERT INTO MovieActors (movie_id, actor_id, role) VALUES (47, 158, 'Villain');
INSERT INTO MovieActors (movie_id, actor_id, role) VALUES (949, 123, 'Detective');
INSERT INTO MovieActors (movie_id, actor_id, role) VALUES (770, 196, 'Protagonist');
INSERT INTO MovieActors (movie_id, actor_id, role) VALUES (724, 198, 'Supporting Actor');
INSERT INTO MovieActors (movie_id, actor_id, role) VALUES (369, 113, 'Mentor');
INSERT INTO MovieActors (movie_id, actor_id, role) VALUES (983, 30, 'Supporting Actor');
INSERT INTO MovieActors (movie_id, actor_id, role) VALUES (749, 7, 'Lead');
INSERT INTO MovieActors (movie_id, actor_id, role) VALUES (125, 27, 'Detective');
INSERT INTO MovieActors (movie_id, actor_id, role) VALUES (651, 129, 'Lead');
INSERT INTO MovieActors (movie_id, actor_id, role) VALUES (576, 45, 'Villain');
INSERT INTO MovieActors (movie_id, actor_id, role) VALUES (900, 32, 'Supporting Actor');
INSERT INTO MovieActors (movie_id, actor_id, role) VALUES (327, 96, 'Lead');
INSERT INTO MovieActors (movie_id, actor_id, role) VALUES (31, 9, 'Villain');
INSERT INTO MovieActors (movie_id, actor_id, role) VALUES (514, 159, 'Mentor');
INSERT INTO MovieActors (movie_id, actor_id, role) VALUES (15, 170, 'Protagonist');
INSERT INTO MovieActors (movie_id, actor_id, role) VALUES (968, 64, 'Mentor');
INSERT INTO MovieActors (movie_id, actor_id, role) VALUES (838, 61, 'Protagonist');
INSERT INTO MovieActors (movie_id, actor_id, role) VALUES (828, 84, 'Narrator');
INSERT INTO MovieActors (movie_id, actor_id, role) VALUES (406, 109, 'Protagonist');
INSERT INTO MovieActors (movie_id, actor_id, role) VALUES (920, 32, 'Lead');
INSERT INTO MovieActors (movie_id, actor_id, role) VALUES (950, 195, 'Narrator');
INSERT INTO MovieActors (movie_id, actor_id, role) VALUES (938, 82, 'Villain');
INSERT INTO MovieActors (movie_id, actor_id, role) VALUES (850, 75, 'Sidekick');
INSERT INTO MovieActors (movie_id, actor_id, role) VALUES (481, 6, 'Sidekick');
INSERT INTO MovieActors (movie_id, actor_id, role) VALUES (847, 140, 'Lead');
INSERT INTO MovieActors (movie_id, actor_id, role) VALUES (562, 141, 'Mentor');
INSERT INTO MovieActors (movie_id, actor_id, role) VALUES (99, 112, 'Protagonist');
INSERT INTO MovieActors (movie_id, actor_id, role) VALUES (465, 122, 'Protagonist');
INSERT INTO MovieActors (movie_id, actor_id, role) VALUES (80, 48, 'Supporting Actor');
INSERT INTO MovieActors (movie_id, actor_id, role) VALUES (967, 110, 'Lead');
INSERT INTO MovieActors (movie_id, actor_id, role) VALUES (782, 150, 'Sidekick');
INSERT INTO MovieActors (movie_id, actor_id, role) VALUES (393, 93, 'Supporting Actor');
INSERT INTO MovieActors (movie_id, actor_id, role) VALUES (62, 16, 'Lead');
INSERT INTO MovieActors (movie_id, actor_id, role) VALUES (135, 57, 'Villain');
INSERT INTO MovieActors (movie_id, actor_id, role) VALUES (606, 178, 'Protagonist');
INSERT INTO MovieActors (movie_id, actor_id, role) VALUES (663, 91, 'Sidekick');
INSERT INTO MovieActors (movie_id, actor_id, role) VALUES (583, 82, 'Mentor');
INSERT INTO MovieActors (movie_id, actor_id, role) VALUES (528, 169, 'Villain');
INSERT INTO MovieActors (movie_id, actor_id, role) VALUES (641, 83, 'Sidekick');
INSERT INTO MovieActors (movie_id, actor_id, role) VALUES (869, 108, 'Protagonist');
INSERT INTO MovieActors (movie_id, actor_id, role) VALUES (80, 7, 'Narrator');
INSERT INTO MovieActors (movie_id, actor_id, role) VALUES (749, 62, 'Protagonist');
INSERT INTO MovieActors (movie_id, actor_id, role) VALUES (310, 158, 'Protagonist');
INSERT INTO MovieActors (movie_id, actor_id, role) VALUES (173, 41, 'Supporting Actor');
INSERT INTO MovieActors (movie_id, actor_id, role) VALUES (536, 190, 'Detective');
INSERT INTO MovieActors (movie_id, actor_id, role) VALUES (602, 200, 'Sidekick');
INSERT INTO MovieActors (movie_id, actor_id, role) VALUES (544, 85, 'Detective');
INSERT INTO MovieActors (movie_id, actor_id, role) VALUES (88, 73, 'Villain');
INSERT INTO MovieActors (movie_id, actor_id, role) VALUES (296, 1, 'Supporting Actor');
INSERT INTO MovieActors (movie_id, actor_id, role) VALUES (721, 85, 'Detective');
INSERT INTO MovieActors (movie_id, actor_id, role) VALUES (541, 159, 'Lead');
INSERT INTO MovieActors (movie_id, actor_id, role) VALUES (158, 192, 'Mentor');
INSERT INTO MovieActors (movie_id, actor_id, role) VALUES (455, 112, 'Protagonist');
INSERT INTO MovieActors (movie_id, actor_id, role) VALUES (915, 105, 'Protagonist');
INSERT INTO MovieActors (movie_id, actor_id, role) VALUES (78, 129, 'Narrator');
INSERT INTO MovieActors (movie_id, actor_id, role) VALUES (520, 149, 'Villain');
INSERT INTO MovieActors (movie_id, actor_id, role) VALUES (517, 133, 'Detective');
INSERT INTO MovieActors (movie_id, actor_id, role) VALUES (822, 186, 'Narrator');
INSERT INTO MovieActors (movie_id, actor_id, role) VALUES (727, 112, 'Lead');
INSERT INTO MovieActors (movie_id, actor_id, role) VALUES (346, 109, 'Villain');
INSERT INTO MovieActors (movie_id, actor_id, role) VALUES (687, 118, 'Villain');
INSERT INTO MovieActors (movie_id, actor_id, role) VALUES (305, 128, 'Sidekick');
INSERT INTO MovieActors (movie_id, actor_id, role) VALUES (492, 147, 'Sidekick');
INSERT INTO MovieActors (movie_id, actor_id, role) VALUES (386, 59, 'Supporting Actor');
INSERT INTO MovieActors (movie_id, actor_id, role) VALUES (552, 166, 'Lead');
INSERT INTO MovieActors (movie_id, actor_id, role) VALUES (601, 106, 'Detective');
INSERT INTO MovieActors (movie_id, actor_id, role) VALUES (112, 162, 'Protagonist');
INSERT INTO MovieActors (movie_id, actor_id, role) VALUES (435, 81, 'Mentor');
INSERT INTO MovieActors (movie_id, actor_id, role) VALUES (595, 72, 'Supporting Actor');
INSERT INTO MovieActors (movie_id, actor_id, role) VALUES (980, 60, 'Supporting Actor');
INSERT INTO MovieActors (movie_id, actor_id, role) VALUES (287, 153, 'Lead');
INSERT INTO MovieActors (movie_id, actor_id, role) VALUES (115, 93, 'Protagonist');
INSERT INTO MovieActors (movie_id, actor_id, role) VALUES (256, 31, 'Supporting Actor');
INSERT INTO MovieActors (movie_id, actor_id, role) VALUES (610, 45, 'Detective');
INSERT INTO MovieActors (movie_id, actor_id, role) VALUES (740, 180, 'Narrator');
INSERT INTO MovieActors (movie_id, actor_id, role) VALUES (183, 123, 'Villain');
INSERT INTO MovieActors (movie_id, actor_id, role) VALUES (262, 191, 'Supporting Actor');
INSERT INTO MovieActors (movie_id, actor_id, role) VALUES (174, 156, 'Supporting Actor');
INSERT INTO MovieActors (movie_id, actor_id, role) VALUES (412, 164, 'Narrator');
INSERT INTO MovieActors (movie_id, actor_id, role) VALUES (570, 181, 'Detective');
INSERT INTO MovieActors (movie_id, actor_id, role) VALUES (157, 34, 'Supporting Actor');
INSERT INTO MovieActors (movie_id, actor_id, role) VALUES (141, 17, 'Villain');
INSERT INTO MovieActors (movie_id, actor_id, role) VALUES (996, 10, 'Sidekick');
INSERT INTO MovieActors (movie_id, actor_id, role) VALUES (964, 153, 'Protagonist');
INSERT INTO MovieActors (movie_id, actor_id, role) VALUES (923, 119, 'Sidekick');
INSERT INTO MovieActors (movie_id, actor_id, role) VALUES (1000, 119, 'Villain');
INSERT INTO MovieActors (movie_id, actor_id, role) VALUES (476, 97, 'Lead');
INSERT INTO MovieActors (movie_id, actor_id, role) VALUES (403, 47, 'Narrator');
INSERT INTO MovieActors (movie_id, actor_id, role) VALUES (132, 141, 'Villain');
INSERT INTO MovieActors (movie_id, actor_id, role) VALUES (987, 113, 'Mentor');
INSERT INTO MovieActors (movie_id, actor_id, role) VALUES (425, 141, 'Villain');
INSERT INTO MovieActors (movie_id, actor_id, role) VALUES (262, 168, 'Detective');
INSERT INTO MovieActors (movie_id, actor_id, role) VALUES (475, 99, 'Lead');
INSERT INTO MovieActors (movie_id, actor_id, role) VALUES (399, 127, 'Detective');
INSERT INTO MovieActors (movie_id, actor_id, role) VALUES (701, 186, 'Sidekick');
INSERT INTO MovieActors (movie_id, actor_id, role) VALUES (909, 12, 'Protagonist');
INSERT INTO MovieActors (movie_id, actor_id, role) VALUES (196, 120, 'Lead');
INSERT INTO MovieActors (movie_id, actor_id, role) VALUES (4, 110, 'Detective');
INSERT INTO MovieActors (movie_id, actor_id, role) VALUES (258, 51, 'Detective');
INSERT INTO MovieActors (movie_id, actor_id, role) VALUES (318, 7, 'Detective');
INSERT INTO MovieActors (movie_id, actor_id, role) VALUES (575, 47, 'Sidekick');
INSERT INTO MovieActors (movie_id, actor_id, role) VALUES (461, 47, 'Supporting Actor');
INSERT INTO MovieActors (movie_id, actor_id, role) VALUES (54, 72, 'Protagonist');
INSERT INTO MovieActors (movie_id, actor_id, role) VALUES (44, 53, 'Supporting Actor');
INSERT INTO MovieActors (movie_id, actor_id, role) VALUES (619, 199, 'Mentor');
INSERT INTO MovieActors (movie_id, actor_id, role) VALUES (468, 62, 'Lead');
INSERT INTO MovieActors (movie_id, actor_id, role) VALUES (243, 35, 'Detective');
INSERT INTO MovieActors (movie_id, actor_id, role) VALUES (562, 120, 'Mentor');
INSERT INTO MovieActors (movie_id, actor_id, role) VALUES (120, 55, 'Villain');
INSERT INTO MovieActors (movie_id, actor_id, role) VALUES (547, 155, 'Mentor');
INSERT INTO MovieActors (movie_id, actor_id, role) VALUES (826, 59, 'Supporting Actor');
INSERT INTO MovieActors (movie_id, actor_id, role) VALUES (739, 5, 'Detective');
INSERT INTO MovieActors (movie_id, actor_id, role) VALUES (184, 50, 'Detective');
INSERT INTO MovieActors (movie_id, actor_id, role) VALUES (266, 124, 'Mentor');
INSERT INTO MovieActors (movie_id, actor_id, role) VALUES (874, 154, 'Lead');
INSERT INTO MovieActors (movie_id, actor_id, role) VALUES (58, 158, 'Sidekick');
INSERT INTO MovieActors (movie_id, actor_id, role) VALUES (571, 62, 'Mentor');
INSERT INTO MovieActors (movie_id, actor_id, role) VALUES (464, 81, 'Supporting Actor');
INSERT INTO MovieActors (movie_id, actor_id, role) VALUES (433, 163, 'Narrator');
INSERT INTO MovieActors (movie_id, actor_id, role) VALUES (235, 138, 'Detective');
INSERT INTO MovieActors (movie_id, actor_id, role) VALUES (456, 81, 'Detective');
INSERT INTO MovieActors (movie_id, actor_id, role) VALUES (99, 56, 'Lead');
INSERT INTO MovieActors (movie_id, actor_id, role) VALUES (516, 99, 'Detective');
INSERT INTO MovieActors (movie_id, actor_id, role) VALUES (831, 153, 'Sidekick');
INSERT INTO MovieActors (movie_id, actor_id, role) VALUES (545, 39, 'Narrator');
INSERT INTO MovieActors (movie_id, actor_id, role) VALUES (657, 131, 'Villain');
INSERT INTO MovieActors (movie_id, actor_id, role) VALUES (572, 132, 'Mentor');
INSERT INTO MovieActors (movie_id, actor_id, role) VALUES (500, 52, 'Narrator');
INSERT INTO MovieActors (movie_id, actor_id, role) VALUES (433, 5, 'Sidekick');
INSERT INTO MovieActors (movie_id, actor_id, role) VALUES (185, 60, 'Lead');
INSERT INTO MovieActors (movie_id, actor_id, role) VALUES (123, 54, 'Sidekick');
INSERT INTO MovieActors (movie_id, actor_id, role) VALUES (118, 153, 'Sidekick');
INSERT INTO MovieActors (movie_id, actor_id, role) VALUES (268, 171, 'Lead');
INSERT INTO MovieActors (movie_id, actor_id, role) VALUES (30, 88, 'Lead');
INSERT INTO MovieActors (movie_id, actor_id, role) VALUES (558, 114, 'Sidekick');
INSERT INTO MovieActors (movie_id, actor_id, role) VALUES (113, 56, 'Villain');
INSERT INTO MovieActors (movie_id, actor_id, role) VALUES (375, 127, 'Narrator');
INSERT INTO MovieActors (movie_id, actor_id, role) VALUES (481, 180, 'Sidekick');
INSERT INTO MovieActors (movie_id, actor_id, role) VALUES (255, 79, 'Detective');
INSERT INTO MovieActors (movie_id, actor_id, role) VALUES (30, 74, 'Sidekick');
INSERT INTO MovieActors (movie_id, actor_id, role) VALUES (686, 200, 'Supporting Actor');
INSERT INTO MovieActors (movie_id, actor_id, role) VALUES (454, 147, 'Sidekick');
INSERT INTO MovieActors (movie_id, actor_id, role) VALUES (473, 196, 'Detective');
INSERT INTO MovieActors (movie_id, actor_id, role) VALUES (374, 85, 'Protagonist');
INSERT INTO MovieActors (movie_id, actor_id, role) VALUES (653, 150, 'Supporting Actor');
INSERT INTO MovieActors (movie_id, actor_id, role) VALUES (31, 183, 'Villain');
INSERT INTO MovieActors (movie_id, actor_id, role) VALUES (727, 87, 'Supporting Actor');
INSERT INTO MovieActors (movie_id, actor_id, role) VALUES (894, 64, 'Narrator');
INSERT INTO MovieActors (movie_id, actor_id, role) VALUES (411, 107, 'Narrator');
INSERT INTO MovieActors (movie_id, actor_id, role) VALUES (549, 120, 'Protagonist');
INSERT INTO MovieActors (movie_id, actor_id, role) VALUES (974, 131, 'Protagonist');
INSERT INTO MovieActors (movie_id, actor_id, role) VALUES (615, 109, 'Narrator');
INSERT INTO MovieActors (movie_id, actor_id, role) VALUES (803, 140, 'Lead');
INSERT INTO MovieActors (movie_id, actor_id, role) VALUES (760, 146, 'Supporting Actor');
INSERT INTO MovieActors (movie_id, actor_id, role) VALUES (477, 113, 'Narrator');
INSERT INTO MovieActors (movie_id, actor_id, role) VALUES (947, 181, 'Narrator');
INSERT INTO MovieActors (movie_id, actor_id, role) VALUES (554, 108, 'Supporting Actor');
INSERT INTO MovieActors (movie_id, actor_id, role) VALUES (902, 126, 'Mentor');
INSERT INTO MovieActors (movie_id, actor_id, role) VALUES (439, 107, 'Villain');
INSERT INTO MovieActors (movie_id, actor_id, role) VALUES (674, 71, 'Narrator');
INSERT INTO MovieActors (movie_id, actor_id, role) VALUES (878, 28, 'Villain');
INSERT INTO MovieActors (movie_id, actor_id, role) VALUES (699, 60, 'Supporting Actor');
INSERT INTO MovieActors (movie_id, actor_id, role) VALUES (247, 12, 'Villain');
INSERT INTO MovieActors (movie_id, actor_id, role) VALUES (696, 152, 'Supporting Actor');
INSERT INTO MovieActors (movie_id, actor_id, role) VALUES (176, 2, 'Protagonist');
INSERT INTO MovieActors (movie_id, actor_id, role) VALUES (321, 116, 'Narrator');
INSERT INTO MovieActors (movie_id, actor_id, role) VALUES (150, 138, 'Mentor');
INSERT INTO MovieActors (movie_id, actor_id, role) VALUES (357, 172, 'Protagonist');
INSERT INTO MovieActors (movie_id, actor_id, role) VALUES (614, 78, 'Narrator');
INSERT INTO MovieActors (movie_id, actor_id, role) VALUES (827, 12, 'Protagonist');
INSERT INTO MovieActors (movie_id, actor_id, role) VALUES (154, 82, 'Detective');
INSERT INTO MovieActors (movie_id, actor_id, role) VALUES (999, 156, 'Detective');
INSERT INTO MovieActors (movie_id, actor_id, role) VALUES (991, 181, 'Villain');
INSERT INTO MovieActors (movie_id, actor_id, role) VALUES (196, 137, 'Sidekick');
INSERT INTO MovieActors (movie_id, actor_id, role) VALUES (167, 72, 'Detective');
INSERT INTO MovieActors (movie_id, actor_id, role) VALUES (29, 44, 'Protagonist');
INSERT INTO MovieActors (movie_id, actor_id, role) VALUES (609, 27, 'Narrator');
INSERT INTO MovieActors (movie_id, actor_id, role) VALUES (952, 100, 'Detective');
INSERT INTO MovieActors (movie_id, actor_id, role) VALUES (4, 116, 'Lead');
INSERT INTO MovieActors (movie_id, actor_id, role) VALUES (573, 8, 'Lead');
INSERT INTO MovieActors (movie_id, actor_id, role) VALUES (891, 111, 'Detective');
INSERT INTO MovieActors (movie_id, actor_id, role) VALUES (492, 84, 'Supporting Actor');
INSERT INTO MovieActors (movie_id, actor_id, role) VALUES (634, 127, 'Sidekick');
INSERT INTO MovieActors (movie_id, actor_id, role) VALUES (368, 148, 'Lead');
INSERT INTO MovieActors (movie_id, actor_id, role) VALUES (372, 195, 'Sidekick');
INSERT INTO MovieActors (movie_id, actor_id, role) VALUES (32, 119, 'Detective');
INSERT INTO MovieActors (movie_id, actor_id, role) VALUES (470, 143, 'Protagonist');
INSERT INTO MovieActors (movie_id, actor_id, role) VALUES (211, 179, 'Narrator');
INSERT INTO MovieActors (movie_id, actor_id, role) VALUES (420, 46, 'Detective');
INSERT INTO MovieActors (movie_id, actor_id, role) VALUES (929, 168, 'Detective');
INSERT INTO MovieActors (movie_id, actor_id, role) VALUES (898, 183, 'Sidekick');
INSERT INTO MovieActors (movie_id, actor_id, role) VALUES (214, 42, 'Narrator');
INSERT INTO MovieActors (movie_id, actor_id, role) VALUES (676, 89, 'Villain');
INSERT INTO MovieActors (movie_id, actor_id, role) VALUES (201, 163, 'Sidekick');
INSERT INTO MovieActors (movie_id, actor_id, role) VALUES (324, 13, 'Lead');
INSERT INTO MovieActors (movie_id, actor_id, role) VALUES (862, 55, 'Villain');
INSERT INTO MovieActors (movie_id, actor_id, role) VALUES (762, 170, 'Detective');
INSERT INTO MovieActors (movie_id, actor_id, role) VALUES (835, 41, 'Villain');
INSERT INTO MovieActors (movie_id, actor_id, role) VALUES (432, 52, 'Detective');
INSERT INTO MovieActors (movie_id, actor_id, role) VALUES (157, 98, 'Supporting Actor');
INSERT INTO MovieActors (movie_id, actor_id, role) VALUES (946, 124, 'Mentor');
INSERT INTO MovieActors (movie_id, actor_id, role) VALUES (893, 184, 'Lead');
INSERT INTO MovieActors (movie_id, actor_id, role) VALUES (7, 2, 'Detective');
INSERT INTO MovieActors (movie_id, actor_id, role) VALUES (382, 184, 'Narrator');
INSERT INTO MovieActors (movie_id, actor_id, role) VALUES (726, 68, 'Sidekick');
INSERT INTO MovieActors (movie_id, actor_id, role) VALUES (430, 62, 'Sidekick');
INSERT INTO MovieActors (movie_id, actor_id, role) VALUES (863, 179, 'Supporting Actor');
INSERT INTO MovieActors (movie_id, actor_id, role) VALUES (200, 33, 'Supporting Actor');
INSERT INTO MovieActors (movie_id, actor_id, role) VALUES (968, 159, 'Sidekick');
INSERT INTO MovieActors (movie_id, actor_id, role) VALUES (610, 158, 'Sidekick');
INSERT INTO MovieActors (movie_id, actor_id, role) VALUES (684, 50, 'Narrator');
INSERT INTO MovieActors (movie_id, actor_id, role) VALUES (738, 85, 'Detective');
INSERT INTO MovieActors (movie_id, actor_id, role) VALUES (877, 104, 'Mentor');
INSERT INTO MovieActors (movie_id, actor_id, role) VALUES (251, 100, 'Detective');
INSERT INTO MovieActors (movie_id, actor_id, role) VALUES (642, 97, 'Narrator');
INSERT INTO MovieActors (movie_id, actor_id, role) VALUES (515, 78, 'Lead');
INSERT INTO MovieActors (movie_id, actor_id, role) VALUES (857, 103, 'Narrator');
INSERT INTO MovieActors (movie_id, actor_id, role) VALUES (594, 173, 'Supporting Actor');
INSERT INTO MovieActors (movie_id, actor_id, role) VALUES (621, 4, 'Sidekick');
INSERT INTO MovieActors (movie_id, actor_id, role) VALUES (942, 71, 'Detective');
INSERT INTO MovieActors (movie_id, actor_id, role) VALUES (392, 146, 'Narrator');
INSERT INTO MovieActors (movie_id, actor_id, role) VALUES (382, 83, 'Villain');
INSERT INTO MovieActors (movie_id, actor_id, role) VALUES (552, 22, 'Narrator');
INSERT INTO MovieActors (movie_id, actor_id, role) VALUES (344, 124, 'Lead');
INSERT INTO MovieActors (movie_id, actor_id, role) VALUES (437, 141, 'Mentor');
INSERT INTO MovieActors (movie_id, actor_id, role) VALUES (676, 127, 'Detective');
INSERT INTO MovieActors (movie_id, actor_id, role) VALUES (635, 68, 'Villain');
INSERT INTO MovieActors (movie_id, actor_id, role) VALUES (704, 65, 'Supporting Actor');
INSERT INTO MovieActors (movie_id, actor_id, role) VALUES (570, 35, 'Narrator');
INSERT INTO MovieActors (movie_id, actor_id, role) VALUES (746, 192, 'Sidekick');


INSERT INTO Genres (genre_id, genre_name) VALUES (1, 'Drama');
INSERT INTO Genres (genre_id, genre_name) VALUES (2, 'Sci-Fi');
INSERT INTO Genres (genre_id, genre_name) VALUES (3, 'Action');
INSERT INTO Genres (genre_id, genre_name) VALUES (4, 'Comedy');
INSERT INTO Genres (genre_id, genre_name) VALUES (5, 'Thriller');
INSERT INTO Genres (genre_id, genre_name) VALUES (6, 'Romance');


INSERT INTO MovieGenres (movie_id, genre_id) VALUES (361, 6);
INSERT INTO MovieGenres (movie_id, genre_id) VALUES (324, 4);
INSERT INTO MovieGenres (movie_id, genre_id) VALUES (906, 5);
INSERT INTO MovieGenres (movie_id, genre_id) VALUES (738, 4);
INSERT INTO MovieGenres (movie_id, genre_id) VALUES (942, 2);
INSERT INTO MovieGenres (movie_id, genre_id) VALUES (360, 1);
INSERT INTO MovieGenres (movie_id, genre_id) VALUES (614, 1);
INSERT INTO MovieGenres (movie_id, genre_id) VALUES (442, 4);
INSERT INTO MovieGenres (movie_id, genre_id) VALUES (592, 2);
INSERT INTO MovieGenres (movie_id, genre_id) VALUES (41, 1);
INSERT INTO MovieGenres (movie_id, genre_id) VALUES (786, 5);
INSERT INTO MovieGenres (movie_id, genre_id) VALUES (247, 2);
INSERT INTO MovieGenres (movie_id, genre_id) VALUES (203, 3);
INSERT INTO MovieGenres (movie_id, genre_id) VALUES (756, 2);
INSERT INTO MovieGenres (movie_id, genre_id) VALUES (110, 4);
INSERT INTO MovieGenres (movie_id, genre_id) VALUES (655, 4);
INSERT INTO MovieGenres (movie_id, genre_id) VALUES (188, 2);
INSERT INTO MovieGenres (movie_id, genre_id) VALUES (808, 1);
INSERT INTO MovieGenres (movie_id, genre_id) VALUES (941, 4);
INSERT INTO MovieGenres (movie_id, genre_id) VALUES (259, 5);
INSERT INTO MovieGenres (movie_id, genre_id) VALUES (406, 6);
INSERT INTO MovieGenres (movie_id, genre_id) VALUES (229, 5);
INSERT INTO MovieGenres (movie_id, genre_id) VALUES (799, 5);
INSERT INTO MovieGenres (movie_id, genre_id) VALUES (773, 2);
INSERT INTO MovieGenres (movie_id, genre_id) VALUES (514, 2);
INSERT INTO MovieGenres (movie_id, genre_id) VALUES (10, 3);
INSERT INTO MovieGenres (movie_id, genre_id) VALUES (457, 1);
INSERT INTO MovieGenres (movie_id, genre_id) VALUES (744, 4);
INSERT INTO MovieGenres (movie_id, genre_id) VALUES (662, 3);
INSERT INTO MovieGenres (movie_id, genre_id) VALUES (146, 1);
INSERT INTO MovieGenres (movie_id, genre_id) VALUES (12, 6);
INSERT INTO MovieGenres (movie_id, genre_id) VALUES (694, 5);
INSERT INTO MovieGenres (movie_id, genre_id) VALUES (481, 1);
INSERT INTO MovieGenres (movie_id, genre_id) VALUES (957, 4);
INSERT INTO MovieGenres (movie_id, genre_id) VALUES (397, 4);
INSERT INTO MovieGenres (movie_id, genre_id) VALUES (551, 6);
INSERT INTO MovieGenres (movie_id, genre_id) VALUES (266, 3);
INSERT INTO MovieGenres (movie_id, genre_id) VALUES (920, 5);
INSERT INTO MovieGenres (movie_id, genre_id) VALUES (398, 3);
INSERT INTO MovieGenres (movie_id, genre_id) VALUES (596, 3);
INSERT INTO MovieGenres (movie_id, genre_id) VALUES (898, 3);
INSERT INTO MovieGenres (movie_id, genre_id) VALUES (126, 4);
INSERT INTO MovieGenres (movie_id, genre_id) VALUES (511, 4);
INSERT INTO MovieGenres (movie_id, genre_id) VALUES (366, 1);
INSERT INTO MovieGenres (movie_id, genre_id) VALUES (931, 6);
INSERT INTO MovieGenres (movie_id, genre_id) VALUES (63, 1);
INSERT INTO MovieGenres (movie_id, genre_id) VALUES (795, 2);
INSERT INTO MovieGenres (movie_id, genre_id) VALUES (717, 6);
INSERT INTO MovieGenres (movie_id, genre_id) VALUES (551, 1);
INSERT INTO MovieGenres (movie_id, genre_id) VALUES (747, 6);
INSERT INTO MovieGenres (movie_id, genre_id) VALUES (764, 5);
INSERT INTO MovieGenres (movie_id, genre_id) VALUES (702, 2);
INSERT INTO MovieGenres (movie_id, genre_id) VALUES (66, 5);
INSERT INTO MovieGenres (movie_id, genre_id) VALUES (625, 2);
INSERT INTO MovieGenres (movie_id, genre_id) VALUES (81, 4);
INSERT INTO MovieGenres (movie_id, genre_id) VALUES (19, 4);
INSERT INTO MovieGenres (movie_id, genre_id) VALUES (118, 4);
INSERT INTO MovieGenres (movie_id, genre_id) VALUES (473, 2);
INSERT INTO MovieGenres (movie_id, genre_id) VALUES (90, 2);
INSERT INTO MovieGenres (movie_id, genre_id) VALUES (743, 6);
INSERT INTO MovieGenres (movie_id, genre_id) VALUES (75, 5);
INSERT INTO MovieGenres (movie_id, genre_id) VALUES (721, 4);
INSERT INTO MovieGenres (movie_id, genre_id) VALUES (498, 2);
INSERT INTO MovieGenres (movie_id, genre_id) VALUES (74, 2);
INSERT INTO MovieGenres (movie_id, genre_id) VALUES (311, 2);
INSERT INTO MovieGenres (movie_id, genre_id) VALUES (270, 6);
INSERT INTO MovieGenres (movie_id, genre_id) VALUES (63, 3);
INSERT INTO MovieGenres (movie_id, genre_id) VALUES (780, 3);
INSERT INTO MovieGenres (movie_id, genre_id) VALUES (881, 3);
INSERT INTO MovieGenres (movie_id, genre_id) VALUES (472, 5);
INSERT INTO MovieGenres (movie_id, genre_id) VALUES (305, 1);
INSERT INTO MovieGenres (movie_id, genre_id) VALUES (671, 6);
INSERT INTO MovieGenres (movie_id, genre_id) VALUES (434, 5);
INSERT INTO MovieGenres (movie_id, genre_id) VALUES (873, 1);
INSERT INTO MovieGenres (movie_id, genre_id) VALUES (774, 2);
INSERT INTO MovieGenres (movie_id, genre_id) VALUES (726, 6);
INSERT INTO MovieGenres (movie_id, genre_id) VALUES (940, 3);
INSERT INTO MovieGenres (movie_id, genre_id) VALUES (77, 4);
INSERT INTO MovieGenres (movie_id, genre_id) VALUES (979, 3);
INSERT INTO MovieGenres (movie_id, genre_id) VALUES (138, 6);
INSERT INTO MovieGenres (movie_id, genre_id) VALUES (163, 3);
INSERT INTO MovieGenres (movie_id, genre_id) VALUES (43, 1);
INSERT INTO MovieGenres (movie_id, genre_id) VALUES (769, 4);
INSERT INTO MovieGenres (movie_id, genre_id) VALUES (713, 3);
INSERT INTO MovieGenres (movie_id, genre_id) VALUES (401, 2);
INSERT INTO MovieGenres (movie_id, genre_id) VALUES (893, 4);
INSERT INTO MovieGenres (movie_id, genre_id) VALUES (632, 4);
INSERT INTO MovieGenres (movie_id, genre_id) VALUES (692, 5);
INSERT INTO MovieGenres (movie_id, genre_id) VALUES (313, 3);
INSERT INTO MovieGenres (movie_id, genre_id) VALUES (9, 2);
INSERT INTO MovieGenres (movie_id, genre_id) VALUES (45, 3);
INSERT INTO MovieGenres (movie_id, genre_id) VALUES (181, 6);
INSERT INTO MovieGenres (movie_id, genre_id) VALUES (285, 5);
INSERT INTO MovieGenres (movie_id, genre_id) VALUES (235, 6);
INSERT INTO MovieGenres (movie_id, genre_id) VALUES (997, 6);
INSERT INTO MovieGenres (movie_id, genre_id) VALUES (378, 3);
INSERT INTO MovieGenres (movie_id, genre_id) VALUES (815, 4);
INSERT INTO MovieGenres (movie_id, genre_id) VALUES (344, 3);
INSERT INTO MovieGenres (movie_id, genre_id) VALUES (837, 6);
INSERT INTO MovieGenres (movie_id, genre_id) VALUES (155, 3);
INSERT INTO MovieGenres (movie_id, genre_id) VALUES (122, 5);
INSERT INTO MovieGenres (movie_id, genre_id) VALUES (4, 3);
INSERT INTO MovieGenres (movie_id, genre_id) VALUES (450, 3);
INSERT INTO MovieGenres (movie_id, genre_id) VALUES (629, 5);
INSERT INTO MovieGenres (movie_id, genre_id) VALUES (397, 6);
INSERT INTO MovieGenres (movie_id, genre_id) VALUES (132, 4);
INSERT INTO MovieGenres (movie_id, genre_id) VALUES (583, 1);
INSERT INTO MovieGenres (movie_id, genre_id) VALUES (911, 1);
INSERT INTO MovieGenres (movie_id, genre_id) VALUES (386, 1);
INSERT INTO MovieGenres (movie_id, genre_id) VALUES (14, 3);
INSERT INTO MovieGenres (movie_id, genre_id) VALUES (20, 6);
INSERT INTO MovieGenres (movie_id, genre_id) VALUES (860, 5);
INSERT INTO MovieGenres (movie_id, genre_id) VALUES (116, 5);
INSERT INTO MovieGenres (movie_id, genre_id) VALUES (898, 2);
INSERT INTO MovieGenres (movie_id, genre_id) VALUES (545, 3);
INSERT INTO MovieGenres (movie_id, genre_id) VALUES (43, 6);
INSERT INTO MovieGenres (movie_id, genre_id) VALUES (835, 1);
INSERT INTO MovieGenres (movie_id, genre_id) VALUES (250, 1);
INSERT INTO MovieGenres (movie_id, genre_id) VALUES (467, 4);
INSERT INTO MovieGenres (movie_id, genre_id) VALUES (622, 1);
INSERT INTO MovieGenres (movie_id, genre_id) VALUES (421, 6);
INSERT INTO MovieGenres (movie_id, genre_id) VALUES (112, 5);
INSERT INTO MovieGenres (movie_id, genre_id) VALUES (43, 3);
INSERT INTO MovieGenres (movie_id, genre_id) VALUES (964, 4);
INSERT INTO MovieGenres (movie_id, genre_id) VALUES (796, 3);
INSERT INTO MovieGenres (movie_id, genre_id) VALUES (526, 4);
INSERT INTO MovieGenres (movie_id, genre_id) VALUES (960, 6);
INSERT INTO MovieGenres (movie_id, genre_id) VALUES (634, 6);
INSERT INTO MovieGenres (movie_id, genre_id) VALUES (943, 1);
INSERT INTO MovieGenres (movie_id, genre_id) VALUES (543, 5);
INSERT INTO MovieGenres (movie_id, genre_id) VALUES (758, 5);
INSERT INTO MovieGenres (movie_id, genre_id) VALUES (441, 6);
INSERT INTO MovieGenres (movie_id, genre_id) VALUES (410, 5);
INSERT INTO MovieGenres (movie_id, genre_id) VALUES (681, 2);
INSERT INTO MovieGenres (movie_id, genre_id) VALUES (700, 4);
INSERT INTO MovieGenres (movie_id, genre_id) VALUES (299, 6);
INSERT INTO MovieGenres (movie_id, genre_id) VALUES (102, 2);
INSERT INTO MovieGenres (movie_id, genre_id) VALUES (263, 6);
INSERT INTO MovieGenres (movie_id, genre_id) VALUES (281, 6);
INSERT INTO MovieGenres (movie_id, genre_id) VALUES (184, 6);
INSERT INTO MovieGenres (movie_id, genre_id) VALUES (477, 6);
INSERT INTO MovieGenres (movie_id, genre_id) VALUES (422, 1);
INSERT INTO MovieGenres (movie_id, genre_id) VALUES (732, 4);
INSERT INTO MovieGenres (movie_id, genre_id) VALUES (108, 4);
INSERT INTO MovieGenres (movie_id, genre_id) VALUES (467, 1);
INSERT INTO MovieGenres (movie_id, genre_id) VALUES (333, 4);
INSERT INTO MovieGenres (movie_id, genre_id) VALUES (713, 3);
INSERT INTO MovieGenres (movie_id, genre_id) VALUES (736, 3);
INSERT INTO MovieGenres (movie_id, genre_id) VALUES (116, 5);
INSERT INTO MovieGenres (movie_id, genre_id) VALUES (979, 6);
INSERT INTO MovieGenres (movie_id, genre_id) VALUES (176, 3);
INSERT INTO MovieGenres (movie_id, genre_id) VALUES (325, 3);
INSERT INTO MovieGenres (movie_id, genre_id) VALUES (624, 5);
INSERT INTO MovieGenres (movie_id, genre_id) VALUES (956, 5);
INSERT INTO MovieGenres (movie_id, genre_id) VALUES (719, 6);
INSERT INTO MovieGenres (movie_id, genre_id) VALUES (589, 2);
INSERT INTO MovieGenres (movie_id, genre_id) VALUES (445, 2);
INSERT INTO MovieGenres (movie_id, genre_id) VALUES (303, 2);
INSERT INTO MovieGenres (movie_id, genre_id) VALUES (498, 6);
INSERT INTO MovieGenres (movie_id, genre_id) VALUES (108, 3);
INSERT INTO MovieGenres (movie_id, genre_id) VALUES (558, 2);
INSERT INTO MovieGenres (movie_id, genre_id) VALUES (261, 2);
INSERT INTO MovieGenres (movie_id, genre_id) VALUES (211, 2);
INSERT INTO MovieGenres (movie_id, genre_id) VALUES (593, 4);
INSERT INTO MovieGenres (movie_id, genre_id) VALUES (877, 3);
INSERT INTO MovieGenres (movie_id, genre_id) VALUES (118, 4);
INSERT INTO MovieGenres (movie_id, genre_id) VALUES (993, 3);
INSERT INTO MovieGenres (movie_id, genre_id) VALUES (877, 3);
INSERT INTO MovieGenres (movie_id, genre_id) VALUES (95, 1);
INSERT INTO MovieGenres (movie_id, genre_id) VALUES (27, 4);
INSERT INTO MovieGenres (movie_id, genre_id) VALUES (734, 3);
INSERT INTO MovieGenres (movie_id, genre_id) VALUES (484, 1);
INSERT INTO MovieGenres (movie_id, genre_id) VALUES (666, 1);
INSERT INTO MovieGenres (movie_id, genre_id) VALUES (931, 6);
INSERT INTO MovieGenres (movie_id, genre_id) VALUES (822, 1);
INSERT INTO MovieGenres (movie_id, genre_id) VALUES (571, 3);
INSERT INTO MovieGenres (movie_id, genre_id) VALUES (718, 5);
INSERT INTO MovieGenres (movie_id, genre_id) VALUES (771, 3);
INSERT INTO MovieGenres (movie_id, genre_id) VALUES (613, 5);
INSERT INTO MovieGenres (movie_id, genre_id) VALUES (518, 2);
INSERT INTO MovieGenres (movie_id, genre_id) VALUES (167, 2);
INSERT INTO MovieGenres (movie_id, genre_id) VALUES (311, 4);
INSERT INTO MovieGenres (movie_id, genre_id) VALUES (824, 3);
INSERT INTO MovieGenres (movie_id, genre_id) VALUES (607, 4);
INSERT INTO MovieGenres (movie_id, genre_id) VALUES (774, 2);
INSERT INTO MovieGenres (movie_id, genre_id) VALUES (868, 5);
INSERT INTO MovieGenres (movie_id, genre_id) VALUES (236, 2);
INSERT INTO MovieGenres (movie_id, genre_id) VALUES (792, 4);
INSERT INTO MovieGenres (movie_id, genre_id) VALUES (223, 3);
INSERT INTO MovieGenres (movie_id, genre_id) VALUES (827, 2);
INSERT INTO MovieGenres (movie_id, genre_id) VALUES (880, 6);
INSERT INTO MovieGenres (movie_id, genre_id) VALUES (955, 1);
INSERT INTO MovieGenres (movie_id, genre_id) VALUES (220, 6);
INSERT INTO MovieGenres (movie_id, genre_id) VALUES (10, 3);
INSERT INTO MovieGenres (movie_id, genre_id) VALUES (411, 4);
INSERT INTO MovieGenres (movie_id, genre_id) VALUES (158, 4);
INSERT INTO MovieGenres (movie_id, genre_id) VALUES (26, 4);
INSERT INTO MovieGenres (movie_id, genre_id) VALUES (118, 3);
INSERT INTO MovieGenres (movie_id, genre_id) VALUES (90, 6);
INSERT INTO MovieGenres (movie_id, genre_id) VALUES (901, 4);
INSERT INTO MovieGenres (movie_id, genre_id) VALUES (690, 3);
INSERT INTO MovieGenres (movie_id, genre_id) VALUES (675, 3);
INSERT INTO MovieGenres (movie_id, genre_id) VALUES (329, 1);
INSERT INTO MovieGenres (movie_id, genre_id) VALUES (836, 5);
INSERT INTO MovieGenres (movie_id, genre_id) VALUES (481, 2);
INSERT INTO MovieGenres (movie_id, genre_id) VALUES (87, 3);
INSERT INTO MovieGenres (movie_id, genre_id) VALUES (787, 2);
INSERT INTO MovieGenres (movie_id, genre_id) VALUES (696, 2);
INSERT INTO MovieGenres (movie_id, genre_id) VALUES (749, 3);
INSERT INTO MovieGenres (movie_id, genre_id) VALUES (576, 6);
INSERT INTO MovieGenres (movie_id, genre_id) VALUES (16, 5);
INSERT INTO MovieGenres (movie_id, genre_id) VALUES (555, 5);
INSERT INTO MovieGenres (movie_id, genre_id) VALUES (155, 6);
INSERT INTO MovieGenres (movie_id, genre_id) VALUES (327, 1);
INSERT INTO MovieGenres (movie_id, genre_id) VALUES (543, 3);
INSERT INTO MovieGenres (movie_id, genre_id) VALUES (419, 3);
INSERT INTO MovieGenres (movie_id, genre_id) VALUES (295, 1);
INSERT INTO MovieGenres (movie_id, genre_id) VALUES (531, 2);
INSERT INTO MovieGenres (movie_id, genre_id) VALUES (572, 6);
INSERT INTO MovieGenres (movie_id, genre_id) VALUES (334, 1);
INSERT INTO MovieGenres (movie_id, genre_id) VALUES (675, 5);
INSERT INTO MovieGenres (movie_id, genre_id) VALUES (270, 2);
INSERT INTO MovieGenres (movie_id, genre_id) VALUES (965, 5);
INSERT INTO MovieGenres (movie_id, genre_id) VALUES (700, 4);
INSERT INTO MovieGenres (movie_id, genre_id) VALUES (515, 3);
INSERT INTO MovieGenres (movie_id, genre_id) VALUES (396, 4);
INSERT INTO MovieGenres (movie_id, genre_id) VALUES (695, 2);
INSERT INTO MovieGenres (movie_id, genre_id) VALUES (698, 6);
INSERT INTO MovieGenres (movie_id, genre_id) VALUES (940, 5);
INSERT INTO MovieGenres (movie_id, genre_id) VALUES (933, 3);
INSERT INTO MovieGenres (movie_id, genre_id) VALUES (578, 1);
INSERT INTO MovieGenres (movie_id, genre_id) VALUES (182, 3);
INSERT INTO MovieGenres (movie_id, genre_id) VALUES (798, 6);
INSERT INTO MovieGenres (movie_id, genre_id) VALUES (614, 4);
INSERT INTO MovieGenres (movie_id, genre_id) VALUES (116, 6);
INSERT INTO MovieGenres (movie_id, genre_id) VALUES (331, 1);
INSERT INTO MovieGenres (movie_id, genre_id) VALUES (511, 2);
INSERT INTO MovieGenres (movie_id, genre_id) VALUES (958, 6);
INSERT INTO MovieGenres (movie_id, genre_id) VALUES (806, 4);
INSERT INTO MovieGenres (movie_id, genre_id) VALUES (562, 6);
INSERT INTO MovieGenres (movie_id, genre_id) VALUES (4, 4);
INSERT INTO MovieGenres (movie_id, genre_id) VALUES (840, 2);
INSERT INTO MovieGenres (movie_id, genre_id) VALUES (668, 4);
INSERT INTO MovieGenres (movie_id, genre_id) VALUES (953, 2);
INSERT INTO MovieGenres (movie_id, genre_id) VALUES (869, 5);
INSERT INTO MovieGenres (movie_id, genre_id) VALUES (339, 2);
INSERT INTO MovieGenres (movie_id, genre_id) VALUES (571, 4);
INSERT INTO MovieGenres (movie_id, genre_id) VALUES (268, 3);
INSERT INTO MovieGenres (movie_id, genre_id) VALUES (925, 1);
INSERT INTO MovieGenres (movie_id, genre_id) VALUES (869, 3);
INSERT INTO MovieGenres (movie_id, genre_id) VALUES (336, 5);
INSERT INTO MovieGenres (movie_id, genre_id) VALUES (811, 4);
INSERT INTO MovieGenres (movie_id, genre_id) VALUES (516, 5);
INSERT INTO MovieGenres (movie_id, genre_id) VALUES (135, 1);
INSERT INTO MovieGenres (movie_id, genre_id) VALUES (645, 2);
INSERT INTO MovieGenres (movie_id, genre_id) VALUES (533, 1);
INSERT INTO MovieGenres (movie_id, genre_id) VALUES (861, 3);
INSERT INTO MovieGenres (movie_id, genre_id) VALUES (756, 5);
INSERT INTO MovieGenres (movie_id, genre_id) VALUES (258, 1);
INSERT INTO MovieGenres (movie_id, genre_id) VALUES (589, 2);
INSERT INTO MovieGenres (movie_id, genre_id) VALUES (519, 1);
INSERT INTO MovieGenres (movie_id, genre_id) VALUES (549, 2);
INSERT INTO MovieGenres (movie_id, genre_id) VALUES (346, 2);
INSERT INTO MovieGenres (movie_id, genre_id) VALUES (177, 4);
INSERT INTO MovieGenres (movie_id, genre_id) VALUES (294, 5);
INSERT INTO MovieGenres (movie_id, genre_id) VALUES (410, 5);
INSERT INTO MovieGenres (movie_id, genre_id) VALUES (717, 1);
INSERT INTO MovieGenres (movie_id, genre_id) VALUES (646, 5);
INSERT INTO MovieGenres (movie_id, genre_id) VALUES (498, 5);
INSERT INTO MovieGenres (movie_id, genre_id) VALUES (355, 5);
INSERT INTO MovieGenres (movie_id, genre_id) VALUES (731, 6);
INSERT INTO MovieGenres (movie_id, genre_id) VALUES (889, 4);
INSERT INTO MovieGenres (movie_id, genre_id) VALUES (663, 6);
INSERT INTO MovieGenres (movie_id, genre_id) VALUES (766, 5);
INSERT INTO MovieGenres (movie_id, genre_id) VALUES (697, 5);
INSERT INTO MovieGenres (movie_id, genre_id) VALUES (160, 4);
INSERT INTO MovieGenres (movie_id, genre_id) VALUES (819, 2);
INSERT INTO MovieGenres (movie_id, genre_id) VALUES (723, 5);
INSERT INTO MovieGenres (movie_id, genre_id) VALUES (35, 1);
INSERT INTO MovieGenres (movie_id, genre_id) VALUES (272, 2);
INSERT INTO MovieGenres (movie_id, genre_id) VALUES (933, 1);
INSERT INTO MovieGenres (movie_id, genre_id) VALUES (9, 1);
INSERT INTO MovieGenres (movie_id, genre_id) VALUES (692, 1);
INSERT INTO MovieGenres (movie_id, genre_id) VALUES (572, 2);
INSERT INTO MovieGenres (movie_id, genre_id) VALUES (57, 4);
INSERT INTO MovieGenres (movie_id, genre_id) VALUES (180, 3);
INSERT INTO MovieGenres (movie_id, genre_id) VALUES (720, 5);
INSERT INTO MovieGenres (movie_id, genre_id) VALUES (606, 6);
INSERT INTO MovieGenres (movie_id, genre_id) VALUES (315, 1);
INSERT INTO MovieGenres (movie_id, genre_id) VALUES (381, 5);
INSERT INTO MovieGenres (movie_id, genre_id) VALUES (426, 4);
INSERT INTO MovieGenres (movie_id, genre_id) VALUES (292, 5);
INSERT INTO MovieGenres (movie_id, genre_id) VALUES (268, 5);
INSERT INTO MovieGenres (movie_id, genre_id) VALUES (139, 5);
INSERT INTO MovieGenres (movie_id, genre_id) VALUES (229, 1);
INSERT INTO MovieGenres (movie_id, genre_id) VALUES (976, 4);
INSERT INTO MovieGenres (movie_id, genre_id) VALUES (880, 3);
INSERT INTO MovieGenres (movie_id, genre_id) VALUES (815, 3);
INSERT INTO MovieGenres (movie_id, genre_id) VALUES (835, 2);
INSERT INTO MovieGenres (movie_id, genre_id) VALUES (756, 6);
